subject_id,label,prob
192,1,0.7503399578007784
204,1,0.7233966787656149
210,1,0.971036970615387
213,1,0.8711817065874735
230,0,0.07123749097809196
242,1,0.9821763783693314
243,0,0.47274619340896606
245,0,0.1534433327615261
253,1,0.9064250111579895
257,1,0.9352981398502985
