class_id,class_name,dice,iou,slice_117_dice
1,CSF,0.9729056350389039,0.9472407484932073,0.9696226672115515
2,Gray Matter,0.9528156812268475,0.9098834504542004,0.9610224544555853
3,White Matter,0.9558117591614496,0.9153634582150352,0.9389811532002239
