{
    "csf": {
        "dice": 0.9729056350389039,
        "iou": 0.9472407484932073,
        "slice_117_dice": 0.9696226672115515,
        "auroc": 0.9993043439360111
    },
    "gray_matter": {
        "dice": 0.9528156812268475,
        "iou": 0.9098834504542004,
        "slice_117_dice": 0.9610224544555853,
        "auroc": 0.9948986012907158
    },
    "white_matter": {
        "dice": 0.9558117591614496,
        "iou": 0.9153634582150352,
        "slice_117_dice": 0.9389811532002239,
        "auroc": 0.997989255647712
    },
    "mean_foreground": {
        "dice": 0.9605110251424004,
        "iou": 0.9241625523874809,
        "slice_117_dice": 0.9565420916224537,
        "auroc": 0.9973974002914797
    }
}